D,F,I,R0,R1_plus_R2,R1_plus_R2_bulk,R_total,R_total_bulk,ambiguous_support,bulk_gA_observed,bulk_gA_predicted,bulk_identity_error,check4_error,child_ambiguous,child_failures,delta_I_identity_error,fixed_j,fourier_resid_child_max,fourier_resid_parent,full_j,max_abs_g_on_S,mean_R1,mean_R1_bulk,mean_R2,mean_inner,mean_solve_time_child,mean_unorm,method,min_w,n,num_children,ok,parent_id,q,s2,s3,seed,solve_time_parent,solver_status,std_child_R1,std_child_R2,std_child_Rsum,subset_vs_bulk_gap,sum_w_err_parent,support_1em10,support_1em8,support_1em9,tau,theta_like_value,w0
0.721913663351314,1023,1.5905624732874455,0.0015548020266739448,-0.0002558785668989316,-0.00045330575135643647,0.0012989234597750132,0.0011014962753175084,False,6.899857377006167e-07,6.899857377006833e-07,6.659796547786936e-20,7.589415207398531e-18,0,0,4.822531263215524e-16,-1,3.4601488341223785e-13,1.980053630720746e-13,False,2.0118282040293423e-13,-0.036908175530143895,-0.0371056027146014,0.036652296963244964,-1.8807955813189648e-05,59.60631272499998,3.579325875316891e-05,highs-ipm,0.0,4093,8,True,0,1023,0.0015548020266739448,3.10722650283135e-06,8403000,53.42485309999984,0,0.04160706825964323,0.037762248937465166,0.004982794344107467,0.00019742718445750485,1.1102230246251565e-15,1023,1023,1023,0.016084203225535165,64.79053959615872,0.015829596774043178
0.7824956316385379,1023,1.6247740171606244,0.0015882443960514414,-0.009029414234358282,-0.008001462124608824,-0.007441169838306841,-0.0064132177285573825,False,7.478883598591426e-07,7.478883598590861e-07,5.653944922922455e-20,2.6020852139652106e-18,0,0,2.5326962749261384e-16,-1,4.2060994444315103e-13,5.020201105949279e-13,False,5.101474798152594e-13,-0.05384288902641969,-0.05281493691667023,0.04481347479206141,-2.6536431776201972e-05,58.45113073749994,4.376315897662247e-05,highs-ipm,0.0,4093,8,True,1,1023,0.0015882443960514414,3.270225897685407e-06,8403001,58.359590000000026,0,0.036220726997641964,0.034284021195188356,0.012125127262471912,0.0010279521097494582,8.881784197001252e-16,1023,1023,1023,0.016137609416267962,65.00225434892491,0.01588132283140115
0.7820226712030699,1023,1.595971828336899,0.0015600897637701849,-0.006265439054947267,-0.007536831012080511,-0.004705349291177082,-0.005976741248310326,False,7.474363169464017e-07,7.474363169465658e-07,1.641126335305207e-19,3.469446951953614e-18,0,0,3.7470027081099033e-16,-1,8.875638939087604e-13,3.545664196275e-13,False,3.602430853621996e-13,-0.045226085434251564,-0.04649747739138481,0.0389606463793043,-2.345128269945868e-05,58.235816650000004,3.804750622978935e-05,highs-ipm,0.0,4093,8,True,2,1023,0.0015600897637701849,3.18113377464752e-06,8403002,52.251232399999935,0,0.036211365984096335,0.027799117380809504,0.011119440617133382,0.0012713919571332444,4.440892098500626e-16,1023,1023,1023,0.016079369404223373,64.77137608853877,0.015824914754101825
0.7635886665846809,1023,1.5999477854095503,0.0015639763298236074,0.008951493845703963,0.008271248851388482,0.01051547017552757,0.00983522518121209,False,7.29817589221784e-07,7.298175892217697e-07,1.4293680984916318e-20,1.734723475976807e-18,0,0,3.5388358909926865e-16,-1,4.662123348508386e-13,1.5142721061442432e-13,False,1.5384915563743107e-13,-0.031828749047903865,-0.032508994042219345,0.04078024289360783,-1.6603349836399185e-05,61.11189006250001,3.9824455950788894e-05,highs-ipm,0.0,4093,8,True,3,1023,0.0015639763298236074,3.1756612407507155e-06,8403003,51.5900529999999,0,0.03728279345752458,0.04432072151559735,0.008532674133441252,0.0006802449943154806,5.551115123125783e-16,1023,1023,1023,0.01606569291707007,64.7171551681696,0.015811667522152358
0.6764011914201807,1023,1.6088927056411793,0.0015727201423667442,0.005885127877920351,0.004523530845868408,0.007457848020287095,0.006096250988235152,False,6.464861364124674e-07,6.464861364129008e-07,4.333632316389814e-19,8.673617379884035e-19,0,0,7.20127082964872e-16,-1,6.67626110645303e-13,3.3087486743521577e-13,False,3.3614083738697786e-13,-0.02322124666329716,-0.024582843695349105,0.029106374541217513,-1.264982778453258e-05,61.060806650000075,2.8424193887907727e-05,highs-ipm,0.0,4093,8,True,4,1023,0.0015727201423667442,3.119776833404115e-06,8403004,56.18046019999997,0,0.024284036101968512,0.026295456314751182,0.0124573309428136,0.0013615970320519435,4.440892098500626e-16,1023,1023,1023,0.015908107916103902,64.0922984994922,0.01565900280955099
0.6831031207015138,1023,1.5867770810220476,0.0015511017409795187,0.003800174436640928,0.004394447959920101,0.005351276177620446,0.005945549700899619,False,6.528916608598888e-07,6.528916608598706e-07,1.8211208365967457e-20,8.673617379884035e-19,0,0,2.2898349882893854e-16,-1,4.1165375687206296e-13,1.6916107186890073e-13,False,1.7190068812844572e-13,-0.018003518124345294,-0.01740924460106612,0.021803692560986222,-9.153499376224188e-06,59.238875287500065,2.1292668516588108e-05,highs-ipm,0.0,4093,8,True,5,1023,0.0015511017409795187,3.058648757519728e-06,8403005,56.79944769999997,0,0.025536671177098413,0.03148611373556987,0.006536550652382074,0.0005942735232791728,4.440892098500626e-16,1023,1023,1023,0.016163185407589355,65.10363573811983,0.01590609228881501
0.6483324662337818,1023,1.5779608903631193,0.0015424837637958155,0.002256981589238677,0.0027207683831356466,0.0037994653530344924,0.004263252146931462,False,6.19658800905645e-07,6.196588009055655e-07,7.951521792349744e-20,4.336808689942018e-18,0,0,7.676151381197371e-16,-1,3.577176938994106e-13,1.5033989136069292e-13,False,1.5274240205975786e-13,-0.034850724872955,-0.03438693807905803,0.037107706462193676,-1.7410155909820618e-05,58.55949007499996,3.623799459198601e-05,highs-ipm,0.0,4093,8,True,6,1023,0.0015424837637958155,2.998763567707488e-06,8403006,56.72337759999982,0,0.022730604758521424,0.022187634692957287,0.009249392581965232,0.00046378679389696975,2.220446049250313e-16,1023,1023,1023,0.01597052831259403,64.3398312862626,0.01571947991357503
0.6289008503035373,1023,1.5558783241941079,0.0015208976776090986,-0.00716392012739564,-0.008993758206816437,-0.0056430224497865415,-0.007472860529207338,False,6.0108658301718e-07,6.010865830172035e-07,2.3505164286306834e-20,7.806255641895632e-18,0,0,5.551115123125783e-16,-1,4.2880030580970396e-13,1.2886116869739728e-13,False,1.3081202787645907e-13,-0.045282194008425994,-0.04711203208784679,0.038118273881030354,-2.3605008500911145e-05,58.80263628749992,3.7224876836943705e-05,highs-ipm,0.0,4093,8,True,7,1023,0.0015208976776090986,2.914069471558459e-06,8403007,51.69994350000002,0,0.057973960355388245,0.05600440694060155,0.0057477708830091295,0.0018298380794207966,4.440892098500626e-16,1023,1023,1023,0.015372543749387086,61.9672276481913,0.015139806412946811
0.6224098319431994,1023,1.5521394622139875,0.001517242876064504,-0.004885411620069557,-0.005055513449964431,-0.0033681687440050533,-0.003538270573899927,False,5.948826415776833e-07,5.948826415777314e-07,4.8069119756681544e-20,4.336808689942018e-19,0,0,4.0939474033052647e-16,-1,4.117097288092175e-13,1.3660188431796616e-13,False,1.388125725476641e-13,-0.05592251284836593,-0.0560926146782608,0.05103710122829637,-2.7983854652447262e-05,46.380657562500005,4.984091916825817e-05,highs-ipm,0.0,4093,8,True,8,1023,0.001517242876064504,2.8967632450750297e-06,8403008,55.24498989999984,0,0.040984244251096424,0.03230114256153661,0.011464493866708905,0.00017010182989487393,2.220446049250313e-16,1023,1023,1023,0.01585748448266243,63.89152511938307,0.015609949943655771
0.6661765430337536,1023,1.582896226333325,0.00154730813913326,0.005949777290202379,0.006802758351449157,0.00749708542933564,0.008350066490582416,False,6.367136914274443e-07,6.36713691427044e-07,4.002230675776569e-19,3.469446951953614e-18,2,0,2.636779683484747e-16,-1,4.040815940317341e-13,3.1814266119537665e-13,False,3.232067391500948e-13,-0.025243934286038935,-0.024390953224792157,0.031193711576241314,-1.254635882072009e-05,48.404346199999964,3.0462608961173158e-05,highs-ipm,0.0,4093,8,True,9,1023,0.00154730813913326,3.030720607239775e-06,8403009,55.76723280000033,0,0.017483566938823896,0.02342949698249478,0.007512914483726554,0.0008529810612467768,1.3322676295501878e-15,1023,1023,1023,0.015936770197889243,64.2059647149645,0.01568677369043843
0.7149629702598357,1023,1.5892840609148022,0.0015535523567104617,-0.002927831155846501,-0.0025539862208907027,-0.0013742787991360395,-0.001000433864180241,False,6.833424514688743e-07,6.833424514689324e-07,5.812763600532636e-20,1.734723475976807e-18,0,0,5.295243410419204e-16,-1,3.48581271269674e-13,1.7026686321714585e-13,False,1.7295886944879157e-13,-0.024790166696915597,-0.0244163217619598,0.021862335541069096,-1.2605374561800865e-05,48.11800051250003,2.134993705182529e-05,highs-ipm,0.0,4093,8,True,10,1023,0.0015535523567104617,3.096700422575658e-06,8403010,53.63038580000011,0,0.027989017491955124,0.02544360745740204,0.007084587451047863,0.00037384493495579846,2.220446049250313e-16,1023,1023,1023,0.015835224945227516,63.803237089273885,0.015588379450103563
0.7231484208754307,1023,1.5945127103401293,0.0015586634509678684,0.0008722542010314582,0.0007762583288144151,0.0024309176519993264,0.0023349217797822832,False,6.911658858602441e-07,6.911658858602349e-07,9.211483301390516e-21,0.0,0,0,4.0158848468863084e-16,-1,2.1643899509021097e-13,2.0113268113465445e-13,False,2.042446073380333e-13,-0.035275802942777976,-0.03537179881499502,0.036148057143809434,-1.796255202599452e-05,47.78283902499987,3.53008370545014e-05,highs-ipm,0.0,4093,8,True,11,1023,0.0015586634509678684,3.120428773891269e-06,8403011,49.38556420000032,0,0.025607110791511505,0.025143971170988447,0.004583808821328176,9.599587221704314e-05,1.1102230246251565e-15,1023,1023,1023,0.015556555147579096,62.697621216957614,0.015318255855596779
0.6466011547338341,1023,1.5852639944926623,0.0015496226730133552,0.003558221243118123,0.004265393549717486,0.005107843916131479,0.005815016222730842,False,6.180040597598481e-07,6.180040597597398e-07,1.0831433813014366e-19,4.336808689942018e-18,0,0,8.89913143176102e-16,-1,4.578237745508917e-13,2.247938163738028e-13,False,2.283936928471064e-13,-0.017259220911671168,-0.016552048605071805,0.02081744215478929,-8.700059042704958e-06,48.89608353749992,2.0329533354286417e-05,highs-ipm,0.0,4093,8,True,12,1023,0.0015496226730133552,3.0191834979906584e-06,8403012,52.39956370000027,0,0.021739937261657426,0.019418957588933788,0.004760809076549923,0.0007071723065993629,4.440892098500626e-16,1023,1023,1023,0.016040464083400843,64.61713072873299,0.015787229594119958
0.7357809275030334,1023,1.614222108221508,0.0015779297245567037,-0.01604964812280582,-0.015959121797969086,-0.014471718398249117,-0.014381192073412383,False,7.032396972410304e-07,7.032396972409365e-07,9.391477802682055e-20,1.0408340855860843e-17,0,0,4.440892098500626e-16,-1,2.93336088383854e-13,2.1443950266744963e-13,False,2.178569824540233e-13,-0.06710300402290904,-0.06701247769807231,0.05105335590010322,-3.3424176073252804e-05,45.99340345000002,4.9856792871194553e-05,highs-ipm,0.0,4093,8,True,13,1023,0.0015779297245567037,3.1929300976600963e-06,8403013,65.4428213000001,0,0.04823577250051995,0.037838019649081706,0.012929547936934679,9.05263248367344e-05,4.440892098500626e-16,1023,1023,1023,0.015844708303409876,63.84085141730804,0.015597569366554615
0.8145213772187637,1023,1.599703815863686,0.0015637378454190479,0.0012928548927157377,0.0028292802193081237,0.0028565927381347857,0.004393018064727172,False,7.784977094411367e-07,7.78497709441147e-07,1.0376153603865179e-20,4.336808689942018e-18,0,0,4.805184028455756e-16,-1,4.0832322332345905e-13,1.5733931085087915e-13,False,1.5983395162955105e-13,-0.03622379508405378,-0.034687369757461395,0.03751664997676952,-1.7715689973826594e-05,46.836005012500095,3.663735349293898e-05,highs-ipm,0.0,4093,8,True,14,1023,0.0015637378454190479,3.2235835564113383e-06,8403014,56.02953720000005,0,0.03206084711188977,0.03197578762431521,0.00812079504572996,0.001536425326592386,6.661338147750939e-16,1023,1023,1023,0.01586414555097702,63.91794417050877,0.015616404634866545
0.6968672542117642,1023,1.5960261215057114,0.0015601428362714677,-0.0022685921388938407,-0.0030877394451099063,-0.000708449302622373,-0.0015275966088384386,False,6.660470508960675e-07,6.660470508961154e-07,4.785736151986797e-20,5.854691731421724e-18,0,0,6.2363308961366215e-16,-1,2.904018171767664e-13,2.332656637293873e-13,False,2.3691118511415254e-13,-0.041207361894458464,-0.04202650920067453,0.03893876975556462,-2.1186803496537974e-05,48.04981540000017,3.802614233941858e-05,highs-ipm,0.0,4093,8,True,15,1023,0.0015601428362714677,3.099929992136222e-06,8403015,51.731662400000005,0,0.038790339057553885,0.03694085468760981,0.0067823615338492,0.0008191473062160656,6.661338147750939e-16,1023,1023,1023,0.015583345538180313,62.80393782350987,0.015344231083193225
0.8598115567546376,1023,1.636458845884837,0.0015996665160164585,-0.0026178044379639442,-0.0018657133408173723,-0.0010181379219474857,-0.0002660468248009138,False,8.217848496131832e-07,8.21784849613266e-07,8.279747059410786e-20,1.951563910473908e-18,0,0,3.9898639947466563e-16,-1,2.4842438219388474e-13,1.473766855081271e-13,False,1.4972745265851017e-13,-0.03397952066796177,-0.033227429570815196,0.031361716229997824,-1.7046115694737874e-05,37.42503095000001,3.062667600585725e-05,highs-ipm,0.0,4093,8,True,16,1023,0.0015996665160164585,3.3805170339564128e-06,8403016,39.5622986999997,0,0.018928398409762806,0.024017509515020057,0.008240723732597089,0.0007520910971465719,1.4432899320127035e-15,1023,1023,1023,0.016028237731458745,64.56865527806325,0.015775386092856888
0.6759474327833703,1023,1.5845690230618648,0.0015489433265511875,-0.005040304068293287,-0.004564097786489366,-0.003491360741742099,-0.0030151544599381786,False,6.460524460649715e-07,6.460524460650769e-07,1.0545560193316039e-19,1.734723475976807e-18,0,0,7.28583859910259e-16,-1,7.421045115224567e-13,1.431439602267437e-13,False,1.4542186899113574e-13,-0.026002875670416647,-0.025526669388612727,0.02096257160212336,-1.3110246483473636e-05,37.792537074999984,2.0471261330198595e-05,highs-ipm,0.0,4093,8,True,17,1023,0.0015489433265511875,3.045120031676717e-06,8403017,43.5124850000002,0,0.025551825687706992,0.020404273423124637,0.007407924498228446,0.00047620628180392033,6.661338147750939e-16,1023,1023,1023,0.01586112937774172,63.90598150247455,0.015613481920956402
0.6887341391059663,1023,1.6048481733248166,0.0015687665428395078,-0.008852664201770031,-0.007965567027366175,-0.007283897658930523,-0.006396800484526667,False,6.582736373830189e-07,6.58273637382888e-07,1.308665903507894e-19,4.336808689942018e-18,0,0,6.284035791725984e-16,-1,8.275648233097704e-13,3.3043980420845165e-13,False,3.3576613711616687e-13,-0.03261133646106649,-0.03172423928666263,0.023758672259296457,-1.6148624851573625e-05,41.25158726249998,2.3201828378219197e-05,highs-ipm,0.0,4093,8,True,18,1023,0.0015687665428395078,3.1191412741834834e-06,8403018,39.59558950000019,0,0.029912794058112396,0.021111958638959285,0.010116963357861764,0.0008870971744038558,2.220446049250313e-16,1023,1023,1023,0.016092652447734813,64.82403579034505,0.015837780549803334
0.7315259967394387,1023,1.589353525244933,0.0015536202592814593,0.003179329873537126,0.004350700026973308,0.004732950132818586,0.0059043202862547675,False,6.991729484166622e-07,6.991729484164924e-07,1.6983010592448722e-19,6.938893903907228e-18,0,0,5.689893001203927e-16,-1,4.0575463995662364e-13,1.9524497036488286e-13,False,1.9838644615965961e-13,-0.031011611920680138,-0.029840241767243956,0.034190941794217264,-1.526960349882858e-05,39.06632373750011,3.33895915959153e-05,highs-ipm,0.0,4093,8,True,19,1023,0.0015536202592814593,3.1127380368321703e-06,8403019,35.56764219999968,0,0.022366635728399274,0.02016458477471771,0.009117052234781988,0.0011713701534361819,8.881784197001252e-16,1023,1023,1023,0.015934668347001024,64.19762960781111,0.01568473726064283
0.6487305290507706,1023,1.570881479674695,0.0015355635187435923,0.0014054259850451965,0.0022173988155727645,0.002940989503788789,0.003752962334316357,False,6.200392586811047e-07,6.200392586810232e-07,8.152692117322641e-20,1.734723475976807e-18,0,0,8.396061623727746e-16,-1,2.6160462142897634e-13,1.6526379873968433e-13,False,1.678865380050354e-13,-0.01903501115246548,-0.01822303832193791,0.020440437137510675,-9.51800718931477e-06,37.7555852000001,1.996136439210027e-05,highs-ipm,0.0,4093,8,True,20,1023,0.0015355635187435923,2.9778430910521635e-06,8403020,34.647888400000284,0,0.015976005131877347,0.015726419553616023,0.004118318497788787,0.0008119728305275679,1.9984014443252818e-15,1023,1023,1023,0.016000354442374062,64.45809831294847,0.015748374862679812
1.090307628252507,1023,1.747646028051843,0.0017083538886137274,-0.011146644819299403,-0.012878594297905777,-0.009438290930685676,-0.01117024040929205,False,1.04208681923033e-06,1.0420868192300564e-06,2.73591641963139e-19,6.938893903907228e-18,0,0,4.163336342344337e-16,-1,3.103546065974516e-13,2.564901416257648e-13,False,2.607219995454102e-13,-0.0450934619535058,-0.04682541143211218,0.0339468171342064,-2.390605724506608e-05,40.18815095000002,3.315118860762344e-05,highs-ipm,0.0,4093,8,True,21,1023,0.0017083538886137274,3.960305225768126e-06,8403021,39.94949129999986,0,0.024164282137391625,0.024387265070879738,0.007404903154267536,0.0017319494786063733,6.661338147750939e-16,1023,1023,1023,0.016542800561442486,66.60780309553877,0.016273589810783966
0.7113555032037188,1023,1.5675087893634332,0.0015322666562692406,-0.002227461059150268,-0.0011807393078846137,-0.0006951944028810275,0.00035152734838462684,False,6.798945311090503e-07,6.798945311090507e-07,4.235164736271502e-22,8.023096076392733e-18,0,0,4.3021142204224816e-16,-1,2.4522023951353833e-13,1.054576348122338e-13,False,1.0713999132327956e-13,-0.03264625515802858,-0.03159953340676293,0.030418794098878314,-1.6109354202380013e-05,37.90834022499996,2.9705853612185854e-05,highs-ipm,0.0,4093,8,True,22,1023,0.0015322666562692406,3.0275695254840856e-06,8403022,35.37151210000002,0,0.020918404054351327,0.017929297314679675,0.009304601589055866,0.0010467217512656543,6.661338147750939e-16,1023,1023,1023,0.01578406763818636,63.60031713561807,0.01553880213428245
0.7462882529606466,1023,1.5666326053729627,0.001531410171430071,0.0010094536965837703,0.0011451104715497103,0.0025408638680138413,0.0026765206429797813,False,7.132823173977417e-07,7.132823173978628e-07,1.2112571145736495e-19,8.673617379884035e-19,1,0,4.0939474033052647e-16,-1,5.134050736627094e-13,3.7584909143295597e-13,False,3.8187855655458236e-13,-0.024942754040135233,-0.024807097265169293,0.025952207736719003,-1.2826122778906307e-05,38.70171906250005,2.534395286788965e-05,highs-ipm,0.0,4093,8,True,23,1023,0.001531410171430071,3.058325161728269e-06,8403023,39.19297290000031,0,0.021067320748864308,0.020126454882568253,0.008235158226466536,0.00013565677496594,1.1102230246251565e-16,1023,1023,1023,0.015980127025821866,64.37789300875423,0.015728779137247552
0.5852775690455464,1023,1.5395269758145138,0.0015049139548528971,0.008151553784198028,0.008513158244245565,0.009656467739050925,0.010018072199098461,False,5.593926195590104e-07,5.593926195590393e-07,2.8904999325053e-20,1.734723475976807e-18,0,0,4.848552115355176e-16,-1,4.41312893346979e-13,2.530290701355936e-13,False,2.56995813519012e-13,-0.022406858369063178,-0.02204525390901564,0.030558412153261206,-1.1323676754820582e-05,41.497427012500054,2.9842199368419146e-05,highs-ipm,0.0,4093,8,True,24,1023,0.0015049139548528971,2.8240219605057566e-06,8403024,35.86098089999996,0,0.02202270850865428,0.026212167188454,0.0081673907311733,0.00036160446004753627,1.7763568394002505e-15,1023,1023,1023,0.01577737717272188,63.57377730511326,0.015532317934305708
0.7377161268557473,1023,1.609198230812014,0.0015730187984477166,-0.0026724191852775664,-0.0024384256573040386,-0.0010994003868298498,-0.000865406858856322,False,7.050893089340337e-07,7.050893089338107e-07,2.2298142336469456e-19,6.505213034913027e-19,0,0,3.885780586188048e-16,-1,1.3653817016086051e-12,2.6046306496156635e-13,False,2.6464594404806974e-13,-0.047535633381858525,-0.047301639853885,0.04486321419658096,-2.3801593143838595e-05,39.14532882499992,4.381173261384859e-05,highs-ipm,0.0,4093,8,True,25,1023,0.0015730187984477166,3.17930518208694e-06,8403025,32.82769760000019,0,0.034127802605478465,0.03627831212286875,0.008089045654919096,0.0002339935279735278,2.220446049250313e-16,1023,1023,1023,0.0160654624777238,64.7162415706706,0.015811444312404253
0.5867555315651884,1023,1.519173564566123,0.001485018147180961,0.007960814453860012,0.007984951983786022,0.009445832601040973,0.009469970130966983,False,5.608052165377093e-07,5.608052165372916e-07,4.1769312211477685e-19,1.734723475976807e-18,0,0,5.065392549852277e-16,-1,6.070088008625074e-13,3.4900977507329456e-13,False,3.5434676026735445e-13,-0.020521172255590532,-0.020497034725664522,0.028481986709450544,-1.0569122953678172e-05,39.3371930374999,2.7814440145947797e-05,highs-ipm,0.0,4093,8,True,26,1023,0.001485018147180961,2.7659470983047095e-06,8403026,41.133786599999894,0,0.019161858557406982,0.023804732491671733,0.009535579080523578,2.4137529926009788e-05,7.771561172376096e-16,1023,1023,1023,0.01534242594872349,61.84765632091944,0.015110592797683713
0.7509863199496224,1023,1.6121085019542931,0.0015758636382739912,0.00014653449590439765,0.00024737502065842396,0.0017223981341783889,0.0018232386589324152,False,7.177726039539861e-07,7.177726039538859e-07,1.0016164601282102e-19,1.951563910473908e-18,0,0,4.180683577104105e-16,-1,3.4944657302353466e-13,2.918339940365111e-13,False,2.9645383370358047e-13,-0.026209024491209862,-0.026108183966455836,0.02635555898711426,-1.3465909306324899e-05,41.808386662500084,2.573785057335377e-05,highs-ipm,0.0,4093,8,True,27,1023,0.0015758636382739912,3.2009434444940724e-06,8403027,39.14037290000033,0,0.02352181854775453,0.021160175295268233,0.007188008901958518,0.0001008405247540263,1.1102230246251565e-15,1023,1023,1023,0.015890257285487114,64.02150488507091,0.015641706544117007
0.7464886048333883,1023,1.6019597900884632,0.0015659430988157021,-0.00630873337104066,-0.0062264161014139105,-0.004742790272224958,-0.004660473002598208,False,7.134738083497609e-07,7.134738083499411e-07,1.802062595283524e-19,2.6020852139652106e-18,0,0,3.7470027081099033e-16,-1,3.324365522444639e-13,2.63767089767053e-13,False,2.679557964402335e-13,-0.035810804922221495,-0.035728487652594745,0.029502071551180835,-1.815902441996847e-05,39.55499013749994,2.8810616749200034e-05,highs-ipm,0.0,4093,8,True,28,1023,0.0015659430988157021,3.1654772814644045e-06,8403028,39.80985429999964,0,0.03508964793855835,0.025872901016823987,0.012584308981000868,8.23172696267499e-05,1.2212453270876722e-15,1023,1023,1023,0.015841590624264816,63.828485684731625,0.015594548176088841
0.7743873134539083,1023,1.587646882639921,0.0015519519869402942,-0.0043845277676774555,-0.0037787780704332113,-0.002832575780737161,-0.002226826083492917,False,7.401386465784024e-07,7.401386465787449e-07,3.425189480459577e-19,4.7704895589362195e-18,0,0,2.914335439641036e-16,-1,3.239073505939549e-13,2.555105378578698e-13,False,2.595181014530823e-13,-0.03260970810032778,-0.03200395840308354,0.028225180332650326,-1.636707146058438e-05,39.381185100000096,2.7563652668603834e-05,highs-ipm,0.0,4093,8,True,29,1023,0.0015519519869402942,3.1485127859908012e-06,8403029,37.37183879999975,0,0.029890340546352916,0.024915594164558182,0.010221154723976092,0.0006057496972442442,2.220446049250313e-16,1023,1023,1023,0.015686255059779365,63.21227804337882,0.015443996590124314
0.6614949806009239,1023,1.5678684783288364,0.0015326182583859592,0.009233872603625723,0.009775696227697025,0.010766490862011683,0.011308314486082984,False,6.322391794835908e-07,6.322391794835905e-07,3.1763735522036263e-22,3.469446951953614e-18,0,0,4.649058915617843e-16,-1,3.290706940338277e-13,1.8414314669444598e-13,False,1.8705870186153106e-13,-0.0313720174912623,-0.030830193867190995,0.04060589009488802,-1.5686044778697943e-05,40.15538397500006,3.965418954578908e-05,highs-ipm,0.0,4093,8,True,30,1023,0.0015326182583859592,2.981003437017134e-06,8403030,39.00509890000012,0,0.026164621542584972,0.030179106942422824,0.013798974129137822,0.0005418236240713019,1.9984014443252818e-15,1023,1023,1023,0.015782798113269908,63.59528119357885,0.015537571755088896
0.7405446105339998,1023,1.609413702255198,0.0015732294254694017,0.00200612296775253,0.00386191589803659,0.0035793523932219316,0.005435145323505992,False,7.077926978529502e-07,7.077926978518892e-07,1.061014645554418e-18,8.673617379884035e-19,0,0,6.279698983036042e-16,-1,2.0701088683950514e-12,2.159382861324083e-12,False,2.1937868188715015e-12,-0.027025948845023396,-0.025170155914739336,0.029032071812775926,-1.2997907890595705e-05,40.347267187499995,2.835163262966399e-05,highs-ipm,0.0,4093,8,True,31,1023,0.0015732294254694017,3.1826705954070864e-06,8403031,39.35283400000026,0,0.01579474531035142,0.01590693740188804,0.00521458503633064,0.00185579293028406,2.220446049250313e-16,1023,1023,1023,0.015924781608856558,64.15842226215625,0.01567515813881169
0.7191978600008949,1023,1.6088969678376883,0.0015727243087367432,-0.004609348580790845,-0.0038769019547187783,-0.0030366242720541023,-0.0023041776459820354,False,6.873900456209407e-07,6.873900456209824e-07,4.171637265227429e-20,7.806255641895632e-18,0,0,6.38378239159465e-16,-1,2.995055375584754e-13,1.1335116872901452e-13,False,1.150954331841092e-13,-0.03784117969748449,-0.03710873307141242,0.033231831116693644,-1.880688861564658e-05,47.66522260000005,3.245296007489614e-05,highs-ipm,0.0,4093,8,True,32,1023,0.0015727243087367432,3.1606838540720822e-06,8403032,45.50837180000008,0,0.02923560226970463,0.02452375775518715,0.008377617452673661,0.0007324466260720669,1.9984014443252818e-15,1023,1023,1023,0.015829992031873425,63.782481217019395,0.015583308384319422
0.8043494354798657,1023,1.6165767202883778,0.0015802313981313567,-0.003971297478747693,-0.0050361904440521035,-0.0023910660806163364,-0.003455959045920747,False,7.68775640056879e-07,7.687756400568661e-07,1.291725244562808e-20,1.734723475976807e-18,0,0,7.32920668600201e-16,-1,3.770675178343952e-13,1.9000100971722222e-13,False,1.930539061945069e-13,-0.052107763317564885,-0.053172656282869296,0.04813646583881719,-2.673198671567664e-05,47.677557175000004,4.7008267420719915e-05,highs-ipm,0.0,4093,8,True,33,1023,0.0015802313981313567,3.2657190847632454e-06,8403033,48.75100389999989,0,0.051513460372797325,0.0394523745518683,0.015696465152435158,0.0010648929653044106,1.1102230246251565e-15,1023,1023,1023,0.015931502967383018,64.18507690236692,0.0156816703890464
0.7124083341347569,1023,1.6000147572256451,0.0015640417959194967,-0.004307984275399933,-0.0052348196657983695,-0.0027439424794804363,-0.003670777869878873,False,6.809007987051306e-07,6.809007987051703e-07,3.970466940254533e-20,2.6020852139652106e-18,0,0,5.238864897449957e-16,-1,3.1795787248760365e-13,1.6208334587680673e-13,False,1.6466689123362244e-13,-0.05095156574144085,-0.05187840113183929,0.04664358146604092,-2.601215135136107e-05,48.691953650000016,4.5550372525430584e-05,highs-ipm,0.0,4093,8,True,34,1023,0.0015640417959194967,3.1269611806979044e-06,8403034,40.1638767999998,0,0.04417590706848679,0.045036588010679314,0.009093040983297357,0.0009268353903984367,7.771561172376096e-16,1023,1023,1023,0.0159607487146649,64.30105156303709,0.01571000526827195
0.7873062318571795,1023,1.620007150989006,0.0015835847028240527,-0.0015177951095391995,-0.0011016589570683327,6.578959328485323e-05,0.00048192574575572,False,7.524862026609973e-07,7.524862026609992e-07,1.9058241313221758e-21,2.6020852139652106e-18,0,0,3.9898639947466563e-16,-1,2.102209465532079e-13,1.9884874996600743e-13,False,2.0203977380006677e-13,-0.03694818933016661,-0.03653205317769574,0.03543039422062741,-1.859040279333275e-05,47.649070924999876,3.4599994356081454e-05,highs-ipm,0.0,4093,8,True,35,1023,0.0015835847028240527,3.260042866573879e-06,8403035,45.743072199999915,0,0.040074874917449196,0.03928410161185859,0.007252860191102745,0.00041613615247086677,3.3306690738754696e-16,1023,1023,1023,0.015987304666620884,64.40635399666832,0.015735732713576426
0.7489912264208822,1023,1.5906853385523336,0.0015549221295721736,-0.005388295507612183,-0.005293782345946924,-0.003833373378040009,-0.0037388602163747507,False,7.158657470121604e-07,7.158657470122688e-07,1.0842021724855044e-19,4.336808689942018e-19,0,0,2.7755575615628914e-16,-1,2.9457504686393465e-13,1.7320258454463916e-13,False,1.759495327213756e-13,-0.028054824585119688,-0.02796031142345443,0.022666529077507505,-1.4368361559245876e-05,47.73631620000003,2.2135282302253423e-05,highs-ipm,0.0,4093,8,True,36,1023,0.0015549221295721736,3.133473676034046e-06,8403036,43.42045929999995,0,0.02333705540296052,0.020286844899310045,0.007592939589194027,9.45131616652585e-05,6.661338147750939e-16,1023,1023,1023,0.01577327745646396,63.55751432147123,0.01552834456913541
0.702263970267102,1023,1.5778209909573078,0.0015423470097334388,0.0001348999576369289,0.0009393465646506324,0.0016772469673703677,0.002481693574384071,False,6.712050875114226e-07,6.712050875113488e-07,7.379774552953092e-20,5.637851296924623e-18,0,0,4.85722573273506e-16,-1,2.557032005839205e-13,1.320845559663053e-13,False,1.3418779976070994e-13,-0.023951000039064044,-0.02314655343205034,0.024085899996700973,-1.197323313050468e-05,49.11863234999993,2.3521386715528294e-05,highs-ipm,0.0,4093,8,True,37,1023,0.0015423470097334388,3.049875397406668e-06,8403037,48.878655799999706,0,0.021290063356449392,0.017480659697450326,0.005358451157944425,0.0008044466070137035,8.881784197001252e-16,1023,1023,1023,0.015888104050815612,64.01296522784702,0.01563962013873614
0.7472314776668627,1023,1.6069631763438108,0.0015708339944709782,-0.0033900371930908405,-0.0030609870276018386,-0.0018192031986198622,-0.0014901530331308604,False,7.141838263004313e-07,7.141838263009009e-07,4.6957389013410275e-19,8.673617379884035e-19,0,0,3.922643460052555e-16,-1,3.0820728998473546e-13,3.0078077615375287e-13,False,3.056825625957771e-13,-0.026411061361360864,-0.026082011195871863,0.023021024168270024,-1.3449540855535208e-05,47.93229558750005,2.2481468914326195e-05,highs-ipm,0.0,4093,8,True,38,1023,0.0015708339944709782,3.1815287754012093e-06,8403038,45.638108999999986,0,0.03365062324250307,0.027054074324333783,0.006916022929776542,0.00032905016548900184,4.440892098500626e-16,1023,1023,1023,0.01608629229466542,64.79882157781496,0.015831620224240155
0.8369577822280215,1023,1.6462313236979054,0.001609219280252107,-0.00794902536675756,-0.008009498648766454,-0.006339806086505454,-0.0064002793685143475,False,7.999418242256797e-07,7.999418242260065e-07,3.2684883852175314e-19,9.540979117872439e-18,0,0,4.2327252813834093e-16,-1,5.204439852170284e-13,5.898297258596918e-13,False,5.993920637603622e-13,-0.049455480664425434,-0.04951595394643433,0.041506455297667874,-2.4977653712133394e-05,48.11216566249999,4.053364775162878e-05,highs-ipm,0.0,4093,8,True,39,1023,0.001609219280252107,3.3893330747185976e-06,8403039,48.66305699999975,0,0.027935448746898652,0.02667783842124732,0.003927633505319789,6.047328200889379e-05,0.0,1023,1023,1023,0.016091541520351763,64.81963164878937,0.01583670453183224
0.7953094419029184,1023,1.6377007177765015,0.0016008804670347033,-2.9367813852633484e-05,-0.00055978795984446,0.0015715126531820698,0.0010410925071902433,False,7.601354563983465e-07,7.601354563982781e-07,6.839791049078475e-20,4.7704895589362195e-18,0,0,2.5066754227864863e-16,-1,4.731075015258768e-13,1.7428392713389473e-13,False,1.7708751132161638e-13,-0.034330924712006106,-0.03486134485799793,0.03430155689815347,-1.778227650034258e-05,39.02013380000017,3.3497614158353e-05,highs-ipm,0.0,4093,8,True,40,1023,0.0016008804670347033,3.3227680101636806e-06,8403040,49.82094529999995,0,0.01886559997150148,0.018676552774867516,0.008795581953959991,0.0005304201459918265,4.440892098500626e-16,1023,1023,1023,0.016112817677008662,64.90397680718941,0.015857311704663916
0.7626909721005747,1023,1.6125496429309198,0.0015762948611250439,-0.003913130744182813,-0.00571612944369284,-0.0023368358830577695,-0.004139834582567796,False,7.289595968850354e-07,7.289595968851646e-07,1.291725244562808e-19,3.469446951953614e-18,0,0,3.608224830031759e-16,-1,5.210033251178137e-13,5.154114982031111e-13,False,5.234354616412418e-13,-0.04808778066546719,-0.04989077936497722,0.04417464992128438,-2.5089691708690448e-05,39.710934524999914,4.3139306563754276e-05,highs-ipm,0.0,4093,8,True,41,1023,0.0015762948611250439,3.2134869869991294e-06,8403041,49.25417400000015,0,0.04302681409459054,0.039556174714196396,0.006077969139784123,0.0018029986995100268,1.1102230246251565e-15,1023,1023,1023,0.015517453345632606,62.54243719241874,0.01528034136145095
0.7576735207958114,1023,1.5964754856961325,0.001560582097454675,0.0022934787392581008,0.0019392030113463618,0.0038540608367127758,0.003499785108801037,False,7.24164051357037e-07,7.241640513571537e-07,1.1667878848427987e-19,7.806255641895632e-18,0,0,6.175615574477433e-16,-1,3.3175476526082354e-13,2.7054394965628226e-13,False,2.748565264276692e-13,-0.049521680548776675,-0.049875956276688414,0.051815159288034776,-2.5077658327083918e-05,42.65731925,5.060074149222146e-05,highs-ipm,0.0,4093,8,True,42,1023,0.001560582097454675,3.1594036068035513e-06,8403042,47.442828700000064,0,0.031869545295491554,0.02709266557842544,0.015299969704669555,0.00035427572791173895,1.7763568394002505e-15,1023,1023,1023,0.016043447217950993,64.62895818370204,0.01579011927283216
0.621580697586682,1023,1.5637914015094514,0.0015286328460502945,-0.004541726645013663,-0.00390085223546683,-0.003013093798963369,-0.0023722193894165355,False,5.94090177174184e-07,5.94090177174192e-07,8.046812998915853e-21,8.673617379884035e-19,1,0,2.8275992658421956e-16,-1,2.615337417119501e-13,1.579562218870234e-13,False,1.604133492705273e-13,-0.03593017560759183,-0.035289301198045,0.03138844896257817,-1.78251942777821e-05,41.16803802499987,3.0652782190017743e-05,highs-ipm,0.0,4093,8,True,43,1023,0.0015286328460502945,2.9306634073413887e-06,8403043,43.93816450000031,0,0.03103937230868741,0.02288593054040615,0.013228253441734015,0.0006408744095468336,1.1102230246251565e-15,1023,1023,1023,0.01569749258727581,63.25686302134796,0.015454889572770086
0.6099156005637433,1023,1.5425077983153983,0.001507827759839099,0.011541056888894896,0.011079976363089172,0.013048884648733996,0.012587804122928271,False,5.829409899742358e-07,5.829409899744956e-07,2.5982735657025663e-19,0.0,0,0,6.938893903907228e-16,-1,4.967302610903168e-13,2.903596146072024e-13,False,2.9482319363616227e-13,-0.02930608030692107,-0.029767160832726795,0.040847137195815966,-1.5117687490329376e-05,41.58152283750013,3.988978241778903e-05,highs-ipm,0.0,4093,8,True,44,1023,0.001507827759839099,2.8563431194238865e-06,8403044,42.8720502000001,0,0.02119067102581619,0.022332268058384282,0.01128814287726381,0.0004610805258057245,6.661338147750939e-16,1023,1023,1023,0.015310417718014188,61.72057198100808,0.015079543606403146
0.6776180566750716,1023,1.5592407574172835,0.0015241845136043828,0.010685966314376186,0.011069976976978632,0.012210150827980569,0.012594161490583015,False,6.476491836208798e-07,6.476491836209014e-07,2.159934015498466e-20,3.469446951953614e-18,0,0,6.678685382510707e-16,-1,4.978333012755493e-13,2.145383209192081e-13,False,2.1793331028696628e-13,-0.026756178520310713,-0.026372167857708267,0.0374421448346869,-1.3524684270392516e-05,36.84793669999982,3.6564594565123925e-05,highs-ipm,0.0,4093,8,True,45,1023,0.0015241845136043828,2.970629381762279e-06,8403045,44.50843699999996,0,0.01983409929987541,0.026074969384099658,0.00912735865910206,0.00038401066260244573,0.0,1023,1023,1023,0.015867795259907537,63.932419456396914,0.015619941230490328
0.7209118667304938,1023,1.5823817640715578,0.0015468052434717086,-0.0036131615995746713,-0.002150305178205504,-0.0020663563561029628,-0.0006034999347337955,False,6.890282473309263e-07,6.890282473309433e-07,1.6940658945086007e-20,3.0357660829594124e-18,0,0,3.5258254649228604e-16,-1,7.209833858407011e-13,1.9299821886042262e-13,False,1.961070195122261e-13,-0.03149789784069888,-0.030035041419329715,0.02788473624112421,-1.535457581536303e-05,40.0062368249998,2.7231187735472862e-05,highs-ipm,0.0,4093,8,True,46,1023,0.0015468052434717086,3.0814663654774106e-06,8403046,51.48179449999998,0,0.030763968757481833,0.02727398316273137,0.00858678147250976,0.0014628564213691672,1.1102230246251565e-15,1023,1023,1023,0.01609097498968289,64.81738570056761,0.015836155802728465
0.6238797278123511,1023,1.549527770279223,0.0015146899025212344,0.0003816212529171442,0.0004701615006671364,0.0018963111554383787,0.001984851403188371,False,5.962875286676211e-07,5.962875286675693e-07,5.177488890091911e-20,4.336808689942018e-19,0,0,4.440892098500626e-16,-1,2.786060634583573e-13,1.7018905815874286e-13,False,1.7291723608536813e-13,-0.034832335378133863,-0.03474379513038387,0.03521395663105101,-1.7561031244675318e-05,38.657886387500014,3.438862952251075e-05,highs-ipm,0.0,4093,8,True,47,1023,0.0015146899025212344,2.890427344754757e-06,8403047,41.29609320000009,0,0.022912281924125803,0.02010745896936778,0.009017416591944612,8.85402477499922e-05,1.3322676295501878e-15,1023,1023,1023,0.01594706611326043,64.2467937343286,0.01569674901889289
0.7414917532585605,1023,1.5969996823853125,0.001561094508685545,0.004097054889135997,0.002398232828619347,0.005658149397821542,0.003959327337304892,False,7.086979514919562e-07,7.086979514918884e-07,6.776263578034403e-20,5.204170427930421e-18,0,0,8.396061623727746e-16,-1,3.863142580351822e-13,2.7793257062133647e-13,False,2.8237134852560075e-13,-0.039208871178767674,-0.04090769323928432,0.04330592606790367,-2.0683157540986185e-05,32.852578400000084,4.229094342568718e-05,highs-ipm,0.0,4093,8,True,48,1023,0.001561094508685545,3.1455408677612847e-06,8403048,28.565439399999377,0,0.03918426727067819,0.039452216507289924,0.009871661508800332,0.0016988220605166499,1.1102230246251565e-15,1023,1023,1023,0.015926842579518024,64.16659541394574,0.015677154999742423
0.6605595566979635,1023,1.5858330509904448,0.0015501789354745307,-0.0017129478527858517,-0.0016233136259727783,-0.00016276891731132107,-7.313469049824764e-05,False,6.313451263793984e-07,6.313451263793026e-07,9.582060215814273e-20,3.2526065174565133e-18,0,0,7.919012667834124e-16,-1,3.375223006901046e-13,1.7314275013724512e-13,False,1.7592524659271191e-13,-0.027495186013186755,-0.02740555178637368,0.025782238160400903,-1.4012962209569577e-05,30.40754331249991,2.5177966953516507e-05,highs-ipm,0.0,4093,8,True,49,1023,0.0015501789354745307,3.034245608398455e-06,8403049,34.75531189999947,0,0.027540656337966613,0.022653317972049808,0.006239043196593885,8.963422681307343e-05,8.881784197001252e-16,1023,1023,1023,0.015910168032395713,64.10046853130726,0.01566099890821091
